{
  "loss": [
    1.2043263530218473,
    0.9030589033198613,
    0.6474420713160628,
    0.45710990984513555,
    0.2954427419811167,
    0.24223013167740196,
    0.15478819618602432,
    0.09639127259200592,
    0.0908914579614316,
    0.07540909391176957,
    0.06108982107722231,
    0.03274364657413718,
    0.03363678907864146,
    0.03057366757483412,
    0.01756877519355546,
    0.013302093203384829,
    0.014713469429895463,
    0.007087677799587568,
    0.0051251461241292266,
    0.005634970783676279,
    0.004952398821916832,
    0.005415354178913603,
    0.004368249217319923,
    0.006120367733866818,
    0.004559691751285667,
    0.005047093212143838,
    0.004399558513015959,
    0.0034694147190484433,
    0.0027272320304927164,
    0.005507091986885738,
    0.00310278750345191,
    0.0025166187290182355,
    0.0022421681684077596,
    0.00211570349431807,
    0.003799097811249232,
    0.002568993357741537,
    0.003519073513246352,
    0.0037085010739599145,
    0.0032642495013151932,
    0.0026194957600686177,
    0.002620180506172439,
    0.0027651459291596144,
    0.002194448505108613,
    0.0023919334804901075,
    0.002200411888207459,
    0.002030777505684279,
    0.004137440650605817,
    0.0027116620968226143,
    0.0037620273312949327,
    0.0031023554106791233
  ],
  "acc": [
    0.5010752688172043,
    0.6204301075268818,
    0.7569892473118279,
    0.8204301075268817,
    0.8935483870967742,
    0.9193548387096774,
    0.946236559139785,
    0.964516129032258,
    0.9655913978494624,
    0.9720430107526882,
    0.9806451612903225,
    0.9870967741935484,
    0.9881720430107527,
    0.9903225806451613,
    0.9956989247311828,
    0.9956989247311828,
    0.9946236559139785,
    0.9978494623655914,
    1.0,
    0.9978494623655914,
    0.9989247311827957,
    0.9989247311827957,
    1.0,
    0.9978494623655914,
    1.0,
    0.9989247311827957,
    0.9989247311827957,
    0.9989247311827957,
    1.0,
    0.9978494623655914,
    1.0,
    1.0,
    1.0,
    1.0,
    0.9989247311827957,
    1.0,
    0.9989247311827957,
    0.9989247311827957,
    0.9989247311827957,
    0.9989247311827957,
    1.0,
    0.9989247311827957,
    1.0,
    1.0,
    1.0,
    1.0,
    0.9989247311827957,
    1.0,
    0.9989247311827957,
    1.0
  ],
  "val_loss": [
    1.8329553063014685,
    1.6212798626192155,
    2.0447778189511894,
    1.9199480947261582,
    2.561275399362986,
    1.7910732584898168,
    1.9681660284369773,
    2.6616366887422203,
    2.3143370063623525,
    2.6273922557740854,
    2.730580238359315,
    2.5206527488160244,
    2.8248903760986943,
    2.949379578713448,
    2.8866063580260297,
    3.2667279752992813,
    3.3100408712565077,
    3.3617100887309572,
    3.4811154345762896,
    3.498987949251579,
    3.460579615721505,
    3.492494411457519,
    3.5495903242018914,
    3.625475575297659,
    3.7043294044134254,
    3.6873483907791877,
    3.6586350451142007,
    3.658969673006216,
    3.6603131614247775,
    3.733635393705236,
    3.7516997194235224,
    3.760841943289278,
    3.747885164165277,
    3.7380897805163387,
    3.7464047857143914,
    3.750230162237097,
    3.756156079093432,
    3.7687204986948024,
    3.7739545815551336,
    3.7752093058852005,
    3.7738649295771727,
    3.772552063388209,
    3.7732842276173253,
    3.7727003938042074,
    3.7695962628735926,
    3.7694336810419635,
    3.770216044330377,
    3.7706384691774573,
    3.771176941109143,
    3.772249794912778
  ],
  "val_acc": [
    0.3387096774193548,
    0.347926267281106,
    0.35023041474654376,
    0.4032258064516129,
    0.48847926267281105,
    0.6221198156682027,
    0.5921658986175116,
    0.6036866359447005,
    0.6290322580645161,
    0.5990783410138248,
    0.6428571428571429,
    0.6589861751152074,
    0.6290322580645161,
    0.6267281105990783,
    0.6267281105990783,
    0.6082949308755761,
    0.6129032258064516,
    0.6221198156682027,
    0.6059907834101382,
    0.5944700460829493,
    0.6059907834101382,
    0.5967741935483871,
    0.5967741935483871,
    0.5921658986175116,
    0.5875576036866359,
    0.5829493087557603,
    0.5898617511520737,
    0.5921658986175116,
    0.5898617511520737,
    0.5852534562211982,
    0.5852534562211982,
    0.5852534562211982,
    0.5852534562211982,
    0.5852534562211982,
    0.5852534562211982,
    0.5852534562211982,
    0.5852534562211982,
    0.5852534562211982,
    0.5852534562211982,
    0.5852534562211982,
    0.5852534562211982,
    0.5852534562211982,
    0.5852534562211982,
    0.5852534562211982,
    0.5852534562211982,
    0.5852534562211982,
    0.5852534562211982,
    0.5852534562211982,
    0.5852534562211982,
    0.5852534562211982
  ]
}