{
  "loss": [
    1.0528595479329428,
    0.7132784133060004,
    0.5934269580020699,
    0.4813191596923336,
    0.4295738175863861,
    0.38863957274344657,
    0.3229754083643677,
    0.31977543676412234,
    0.28529062122427007,
    0.26389088479421474,
    0.24467936867026874,
    0.2343649289877184,
    0.22261789080917194,
    0.22249831922592656,
    0.21813376206223684,
    0.20819496404740118,
    0.20178573818296514,
    0.21016327922062208,
    0.18306058836239641,
    0.18348465874630918,
    0.2042472993173907,
    0.18253393410354532,
    0.18043776464718644,
    0.19327347091449204,
    0.18906917661748907,
    0.1826188817844596,
    0.18748367422050044,
    0.1762185025856059,
    0.1956177346168026,
    0.17689306863533552,
    0.17585155544742462,
    0.18464137419577567,
    0.166143562079918,
    0.18090655289670474,
    0.19091721633429168,
    0.19216669896597505,
    0.1745831533144879,
    0.18533458731507743,
    0.18952127430387722,
    0.17717003228843853,
    0.19914696666502182,
    0.18024534451705154,
    0.18523968033893135,
    0.18602379172079025,
    0.19334404415981743,
    0.17288340603151628,
    0.18586540047840405,
    0.17940352300161957,
    0.18366765927883885,
    0.18543210342686664
  ],
  "acc": [
    0.5836559139784946,
    0.7232258064516129,
    0.7735483870967742,
    0.8135483870967742,
    0.8301075268817204,
    0.8561290322580645,
    0.8769892473118279,
    0.8855913978494624,
    0.8941935483870967,
    0.9060215053763441,
    0.9124731182795699,
    0.9152688172043011,
    0.9167741935483871,
    0.9193548387096774,
    0.9221505376344086,
    0.9255913978494623,
    0.9290322580645162,
    0.9264516129032258,
    0.9344086021505377,
    0.9298924731182796,
    0.9303225806451613,
    0.9346236559139784,
    0.9389247311827957,
    0.9324731182795699,
    0.9333333333333333,
    0.9352688172043011,
    0.9309677419354838,
    0.9372043010752689,
    0.9266666666666666,
    0.9389247311827957,
    0.9393548387096774,
    0.9354838709677419,
    0.9417204301075269,
    0.9402150537634408,
    0.9359139784946237,
    0.9313978494623656,
    0.9423655913978495,
    0.9341935483870968,
    0.9311827956989247,
    0.9382795698924731,
    0.9303225806451613,
    0.9408602150537635,
    0.933763440860215,
    0.9339784946236559,
    0.9352688172043011,
    0.9393548387096774,
    0.9361290322580645,
    0.9372043010752689,
    0.9363440860215054,
    0.9350537634408602
  ],
  "val_loss": [
    1.86206421214864,
    1.8175234107927243,
    2.053810720619518,
    2.1767408084210165,
    2.1194074104458505,
    2.377885220786943,
    2.286352203188953,
    2.1593626798023275,
    2.3247018354829008,
    2.2327407862184234,
    2.267099321163195,
    2.4916288786769463,
    2.4081993179936565,
    2.575680095479236,
    2.644075071756741,
    2.5476143898502475,
    2.630424708265313,
    2.395706873884948,
    2.640251747474143,
    2.6885275049693025,
    2.6794685713157125,
    2.487530606133597,
    2.557144823162237,
    2.5811767583618517,
    2.692225515567762,
    2.573547717063658,
    2.4894156994358188,
    2.651384375611758,
    2.606349816520093,
    2.5861499551254483,
    2.640263039944908,
    2.6488540007771433,
    2.663212460856284,
    2.5835861808144003,
    2.3999014461095434,
    2.602362352582167,
    2.581684230110063,
    2.6991887784773305,
    2.5593285604556035,
    2.6566306533901374,
    2.6769507271902904,
    2.4782174556486067,
    2.655611185434227,
    2.6612354061021235,
    2.765714183381076,
    2.7390614610663206,
    2.589579077909619,
    2.68838322107693,
    2.6045946569486698,
    2.6699349792322256
  ],
  "val_acc": [
    0.27880184331797236,
    0.31336405529953915,
    0.2626728110599078,
    0.29723502304147464,
    0.2857142857142857,
    0.2926267281105991,
    0.3225806451612903,
    0.31797235023041476,
    0.37327188940092165,
    0.35023041474654376,
    0.3640552995391705,
    0.3433179723502304,
    0.35714285714285715,
    0.3225806451612903,
    0.3433179723502304,
    0.35023041474654376,
    0.35253456221198154,
    0.3847926267281106,
    0.34101382488479265,
    0.34101382488479265,
    0.3456221198156682,
    0.3617511520737327,
    0.37327188940092165,
    0.3663594470046083,
    0.3456221198156682,
    0.3548387096774194,
    0.3640552995391705,
    0.35023041474654376,
    0.35944700460829493,
    0.3548387096774194,
    0.3617511520737327,
    0.34101382488479265,
    0.347926267281106,
    0.3548387096774194,
    0.3847926267281106,
    0.3548387096774194,
    0.3824884792626728,
    0.347926267281106,
    0.3548387096774194,
    0.3433179723502304,
    0.347926267281106,
    0.3686635944700461,
    0.3548387096774194,
    0.34101382488479265,
    0.35944700460829493,
    0.35023041474654376,
    0.3663594470046083,
    0.3387096774193548,
    0.3617511520737327,
    0.3640552995391705
  ]
}