{
  "loss": [
    0.5898774732569213,
    0.23750696817392944,
    0.19551310765807348,
    0.15155163826801443,
    0.11634176426196612,
    0.07836932409755004,
    0.05801857069575338,
    0.04180746858839386,
    0.05276889447443267,
    0.02514339944968621,
    0.03753498623372927,
    0.022416467832311267,
    0.01318329434831857,
    0.02036340517557717,
    0.011234841248100643,
    0.018845958551642315,
    0.010615416751844027,
    0.013671978133560348,
    0.0061088593867206845,
    0.015518762450264666,
    0.0114244688735331,
    0.01065095701830722,
    0.0074008922167723215,
    0.012333628050682525,
    0.010225188481015585,
    0.00961599010713799,
    0.012527135536988436,
    0.007782047736503544,
    0.008136826386895552,
    0.012317858593918945,
    0.011283713074110609,
    0.010443960939539016,
    0.010299995200763587,
    0.007768908426571157,
    0.016393417263508684,
    0.012241757983149039,
    0.01178046782280729,
    0.0057018884990154015,
    0.014847406856189932,
    0.006586879577252373,
    0.004185471540975374,
    0.008129659621771024,
    0.0045399953937658695,
    0.0100658946266518,
    0.013024428852743679,
    0.00801489841883942,
    0.006154136288790933,
    0.008136084245227437,
    0.0099393392136691,
    0.015400487615736902
  ],
  "acc": [
    0.7726881720430108,
    0.9191397849462366,
    0.9408602150537635,
    0.9524731182795699,
    0.9632258064516129,
    0.9778494623655914,
    0.981505376344086,
    0.9858064516129033,
    0.983225806451613,
    0.9911827956989248,
    0.9890322580645161,
    0.9929032258064516,
    0.9959139784946237,
    0.9946236559139785,
    0.9956989247311828,
    0.9946236559139785,
    0.9969892473118279,
    0.9956989247311828,
    0.9976344086021506,
    0.9948387096774194,
    0.9967741935483871,
    0.9974193548387097,
    0.9976344086021506,
    0.9963440860215054,
    0.9974193548387097,
    0.9969892473118279,
    0.9967741935483871,
    0.9976344086021506,
    0.9974193548387097,
    0.9956989247311828,
    0.9969892473118279,
    0.9965591397849463,
    0.9969892473118279,
    0.9978494623655914,
    0.9950537634408602,
    0.9956989247311828,
    0.9969892473118279,
    0.9987096774193548,
    0.9965591397849463,
    0.9972043010752688,
    0.9987096774193548,
    0.9972043010752688,
    0.9982795698924731,
    0.9976344086021506,
    0.9956989247311828,
    0.9980645161290322,
    0.9980645161290322,
    0.9969892473118279,
    0.9967741935483871,
    0.9956989247311828
  ],
  "val_loss": [
    2.65543507623233,
    3.578441015088476,
    3.7789060391039344,
    3.2263865273119667,
    4.716341828420965,
    3.715696571128709,
    4.036034278056588,
    3.3278100270829443,
    4.71512286179626,
    4.530602137613956,
    4.1016199764568135,
    4.43645203498102,
    4.208357687370019,
    4.405992474973476,
    4.102468944364978,
    4.5169437217272925,
    4.620338122965554,
    4.3314369427993,
    4.944061471569922,
    4.537957250247903,
    4.745785630793066,
    4.389432622540381,
    5.007158925456386,
    4.509097714577952,
    4.802709771740821,
    4.974740540377006,
    4.613723521683073,
    4.534330741601056,
    4.609777657117712,
    4.674049850982455,
    4.803026722872861,
    4.356042891603461,
    4.495109875081321,
    4.958934316712041,
    5.027072664504776,
    4.710007043752802,
    4.431646230583366,
    4.565484582004459,
    4.752276255787792,
    4.344886651786242,
    4.766878886156917,
    4.575571117313227,
    4.734108940796918,
    4.694653662119044,
    4.7288395908021705,
    4.968960744994027,
    4.640253844898417,
    4.521231121731244,
    4.749840270539034,
    4.718346309002643
  ],
  "val_acc": [
    0.35253456221198154,
    0.35253456221198154,
    0.3824884792626728,
    0.4032258064516129,
    0.3456221198156682,
    0.41244239631336405,
    0.3870967741935484,
    0.4631336405529954,
    0.35944700460829493,
    0.41244239631336405,
    0.38940092165898615,
    0.41935483870967744,
    0.42626728110599077,
    0.4147465437788018,
    0.4377880184331797,
    0.39631336405529954,
    0.4032258064516129,
    0.42857142857142855,
    0.4009216589861751,
    0.44930875576036866,
    0.3986175115207373,
    0.41013824884792627,
    0.4055299539170507,
    0.43548387096774194,
    0.391705069124424,
    0.4032258064516129,
    0.42857142857142855,
    0.41935483870967744,
    0.4032258064516129,
    0.41013824884792627,
    0.39631336405529954,
    0.42626728110599077,
    0.42857142857142855,
    0.4147465437788018,
    0.4147465437788018,
    0.423963133640553,
    0.423963133640553,
    0.4147465437788018,
    0.41013824884792627,
    0.4147465437788018,
    0.41705069124423966,
    0.42626728110599077,
    0.41013824884792627,
    0.4009216589861751,
    0.4009216589861751,
    0.4078341013824885,
    0.42857142857142855,
    0.42626728110599077,
    0.41013824884792627,
    0.38940092165898615
  ]
}