{
  "loss": [
    0.6257877949617242,
    0.3104468254761029,
    0.19191012390518702,
    0.16296426766341732,
    0.11753410901433678,
    0.11823804698003236,
    0.06829304982898056,
    0.044450570981228545,
    0.04464563101329791,
    0.051932378384454914,
    0.029998158868001674,
    0.023420678877261698,
    0.034508840268808266,
    0.017502445204906986,
    0.02179815160390991,
    0.01701837842372717,
    0.021909960976711686,
    0.009297244328284457,
    0.01833663657407767,
    0.019788089156681572,
    0.01417410664465679,
    0.01140843410976231,
    0.013701720940479908,
    0.010856819994577396,
    0.015400119857306802,
    0.02253155322775485,
    0.010967450840198385,
    0.009117703384829945,
    0.015341047653728115,
    0.01528760671770821,
    0.01554206219098721,
    0.016095260631503357,
    0.009141224139540266,
    0.0074998397122247405,
    0.01319647438423608,
    0.014921304516016094,
    0.01084781305764311,
    0.021276406378945917,
    0.00902333337282862,
    0.010624735128204589,
    0.00794663273188616,
    0.015096873810755149,
    0.013400757717674659,
    0.01081649280298421,
    0.012388599286737141,
    0.016859630107959753,
    0.011523007542666008,
    0.011699725470045,
    0.016550968160241923,
    0.010585316784770017
  ],
  "acc": [
    0.7569892473118279,
    0.8913978494623656,
    0.9341935483870968,
    0.9447311827956989,
    0.9636559139784946,
    0.96,
    0.9765591397849462,
    0.9840860215053764,
    0.9834408602150537,
    0.983225806451613,
    0.9916129032258064,
    0.9924731182795699,
    0.9903225806451613,
    0.9950537634408602,
    0.9933333333333333,
    0.9935483870967742,
    0.9913978494623656,
    0.9972043010752688,
    0.9941935483870967,
    0.9933333333333333,
    0.9956989247311828,
    0.9965591397849463,
    0.9956989247311828,
    0.9967741935483871,
    0.9959139784946237,
    0.9929032258064516,
    0.9965591397849463,
    0.9969892473118279,
    0.9946236559139785,
    0.9950537634408602,
    0.9933333333333333,
    0.9959139784946237,
    0.9967741935483871,
    0.9976344086021506,
    0.995268817204301,
    0.995268817204301,
    0.9969892473118279,
    0.9931182795698925,
    0.9972043010752688,
    0.9963440860215054,
    0.9980645161290322,
    0.9956989247311828,
    0.995268817204301,
    0.9965591397849463,
    0.9965591397849463,
    0.9937634408602151,
    0.9963440860215054,
    0.9965591397849463,
    0.9961290322580645,
    0.9969892473118279
  ],
  "val_loss": [
    4.295344013497576,
    4.447953039222324,
    3.9035700729915073,
    4.468469974151405,
    4.732745622984275,
    4.632926276309334,
    4.195344959879251,
    4.906933874441182,
    4.592758342692379,
    4.466799605586287,
    5.033398758169921,
    4.67094690574833,
    4.6206558828461,
    4.965024306889503,
    4.413791128017936,
    5.324618859242322,
    4.653050480200158,
    4.488357631566887,
    4.47512993319518,
    4.719043759706383,
    4.8538248959224894,
    4.429842993617058,
    4.779704713189656,
    4.6237109062489345,
    4.780869282198392,
    4.516761238227517,
    4.882829131721627,
    4.6324423407011315,
    4.723617186400747,
    4.98114387945096,
    4.640178656111115,
    4.517489770727773,
    4.722994600899071,
    4.627866350938373,
    4.809460503165074,
    4.826338410274499,
    4.708508144634934,
    4.892846618379865,
    4.4899448761330225,
    4.714150110697417,
    4.820848754680102,
    4.790619777026264,
    4.832241445230449,
    4.63313452581433,
    5.010709069514742,
    4.945472543758731,
    4.963448381506353,
    4.926933437517162,
    4.677265375028558,
    4.787862877846451
  ],
  "val_acc": [
    0.3294930875576037,
    0.4400921658986175,
    0.4838709677419355,
    0.43317972350230416,
    0.4447004608294931,
    0.4032258064516129,
    0.45622119815668205,
    0.3686635944700461,
    0.43317972350230416,
    0.4055299539170507,
    0.3778801843317972,
    0.3824884792626728,
    0.41244239631336405,
    0.35944700460829493,
    0.44930875576036866,
    0.3456221198156682,
    0.3778801843317972,
    0.42857142857142855,
    0.4055299539170507,
    0.4147465437788018,
    0.39631336405529954,
    0.43548387096774194,
    0.3986175115207373,
    0.4009216589861751,
    0.4032258064516129,
    0.41244239631336405,
    0.3824884792626728,
    0.4055299539170507,
    0.4078341013824885,
    0.3986175115207373,
    0.39400921658986177,
    0.4377880184331797,
    0.4055299539170507,
    0.391705069124424,
    0.38018433179723504,
    0.39400921658986177,
    0.43317972350230416,
    0.37557603686635943,
    0.44930875576036866,
    0.38940092165898615,
    0.4032258064516129,
    0.39400921658986177,
    0.4055299539170507,
    0.41705069124423966,
    0.3617511520737327,
    0.3824884792626728,
    0.39400921658986177,
    0.3686635944700461,
    0.3986175115207373,
    0.39631336405529954
  ]
}